,Name,Address,Reviews
0,Keating Channel Pub and Grill,"2 Villiers St, Toronto, Ontario M5A 1B1 Canada",2023-09-25T00:20:35-04:00
1,Sukhothai,"490 Front St E, Toronto, Ontario M5A 0J1 Canada",2023-06-12T20:29:25-04:00
2,The Aviary,"484A Front St E, Toronto, Ontario M5A 0J1 Canada",2022-08-14T07:22:13-04:00
4,District 28,"28 Logan Ave, Toronto, Ontario M4M 2M8 Canada",2018-02-05T08:21:55-05:00
5,Cherry Street Bar-B-Que,"275 Cherry St, Toronto, Ontario M5A 3L3 Canada",2023-09-03T08:19:17-04:00
6,Vivo Pizza + Pasta,"460 Front St E, Toronto, Ontario M5A 0E6 Canada",2021-11-28T08:48:13-05:00
9,Animal Liberation Kitchen,"100 Broadview Ave #202, Toronto, Ontario M4M 3H3 Canada",2021-12-30T11:30:05-05:00
12,Nomads Restobar,"701 Queen St E, Toronto, Ontario M4M 1G6 Canada",2020-01-23T03:32:18-05:00
13,Jasper Dandy,"725 Queen St E, Toronto, Ontario M4M 1H1 Canada",2020-01-12T08:32:07-05:00
16,Cluny Bistro,"35 Tank House Lane, Toronto, Ontario M5A 3C4 Canada",2023-11-24T05:59:17-05:00
18,Subway Sandwich,"727 Queen St E, Toronto, Ontario M4M 1H1 Canada",2023-11-28T14:01:08-05:00
20,Good Karma,"689 Queen St E, Toronto, Ontario M4M 1G6 Canada",2021-07-18T08:22:23-04:00
21,Est Restaurant,"729 Queen St E, Toronto, Ontario M4M 1H1 Canada",2023-10-22T08:26:53-04:00
22,Slayer Burger Inc,"739 Queen Street East, Toronto, Ontario M4M 1H4 Canada",2023-05-20T19:45:54-04:00
24,Opera House Grill,"737 Queen St E, Toronto, Ontario M4M 1H1 Canada",2023-05-20T11:03:41-04:00
25,Brickworks Ciderhouse,"709 Queen St E, Toronto, Ontario M4M 1H1 Canada",2022-12-30T05:18:13-05:00
26,Lan Restaurant,"755 Queen St E, Toronto, Ontario M4M 1H3 Canada",2019-09-15T05:34:09-04:00
27,Il Ponte,"625 Queen St E, Toronto, Ontario M4M 1G7 Canada",2023-07-09T09:27:15-04:00
30,Keating Channel Pub and Grill,"2 Villiers St, Toronto, Ontario M5A 1B1 Canada",2023-09-25T00:20:35-04:00
31,Sukhothai,"490 Front St E, Toronto, Ontario M5A 0J1 Canada",2023-06-12T20:29:25-04:00
32,The Aviary,"484A Front St E, Toronto, Ontario M5A 0J1 Canada",2022-08-14T07:22:13-04:00
34,District 28,"28 Logan Ave, Toronto, Ontario M4M 2M8 Canada",2018-02-05T08:21:55-05:00
35,Cherry Street Bar-B-Que,"275 Cherry St, Toronto, Ontario M5A 3L3 Canada",2023-09-03T08:19:17-04:00
36,Vivo Pizza + Pasta,"460 Front St E, Toronto, Ontario M5A 0E6 Canada",2021-11-28T08:48:13-05:00
39,Animal Liberation Kitchen,"100 Broadview Ave #202, Toronto, Ontario M4M 3H3 Canada",2021-12-30T11:30:05-05:00
42,Nomads Restobar,"701 Queen St E, Toronto, Ontario M4M 1G6 Canada",2020-01-23T03:32:18-05:00
43,Jasper Dandy,"725 Queen St E, Toronto, Ontario M4M 1H1 Canada",2020-01-12T08:32:07-05:00
46,Cluny Bistro,"35 Tank House Lane, Toronto, Ontario M5A 3C4 Canada",2023-11-24T05:59:17-05:00
48,Subway Sandwich,"727 Queen St E, Toronto, Ontario M4M 1H1 Canada",2023-11-28T14:01:08-05:00
50,Good Karma,"689 Queen St E, Toronto, Ontario M4M 1G6 Canada",2021-07-18T08:22:23-04:00
51,Est Restaurant,"729 Queen St E, Toronto, Ontario M4M 1H1 Canada",2023-10-22T08:26:53-04:00
52,Slayer Burger Inc,"739 Queen Street East, Toronto, Ontario M4M 1H4 Canada",2023-05-20T19:45:54-04:00
54,Opera House Grill,"737 Queen St E, Toronto, Ontario M4M 1H1 Canada",2023-05-20T11:03:41-04:00
55,Brickworks Ciderhouse,"709 Queen St E, Toronto, Ontario M4M 1H1 Canada",2022-12-30T05:18:13-05:00
56,Lan Restaurant,"755 Queen St E, Toronto, Ontario M4M 1H3 Canada",2019-09-15T05:34:09-04:00
57,Il Ponte,"625 Queen St E, Toronto, Ontario M4M 1G7 Canada",2023-07-09T09:27:15-04:00
60,Galaxie Brasserie,"1414 Rue Clark, Montreal, Quebec H2X 1Z7 Canada",2023-09-15T07:09:52-04:00
62,Vargas Steakhouse & Sushi,"690 Rene Levesque W, Montreal, Quebec H3B 1X8 Canada",2023-11-10T10:59:56-05:00
66,Subway Place Ville Marie,"1 Ville Marie Pl, Montreal, Quebec Canada",2019-03-20T16:15:52-04:00
67,A&W Restaurant,"1 Pl Ville Marie # 11441, Montreal, Quebec H3B 3Y1 Canada",2022-11-05T21:23:17-04:00
68,Les Enfants Terribles,"1 Place Ville Marie 44e Étage, Montreal, Quebec H3B 4S6 Canada",2023-12-02T09:27:49-05:00
69,Moretti Downtown,"1207 Bd Robert-Bourassa, Montreal, Quebec H3B 3A7 Canada",2023-10-06T19:28:19-04:00
70,Kinton Ramen Union,"1202 Union Ave, Montreal, Quebec H3B 0E5 Canada",2023-01-25T15:33:27-05:00
71,Tim Hortons,"605 Boul Rene Levesque, Montreal, Quebec H3B 1P5 Canada",2023-06-23T20:05:59-04:00
73,Deli Planet Resto Bar,"895 rue de la Gauchetiere, Montreal, Quebec H2L 2N3 Canada",2023-06-16T06:44:41-04:00
74,Rose Orange Terrace,"1 Place Ville Marie Level 44, Montreal, Quebec H3B 5G9 Canada",2023-08-12T04:34:38-04:00
75,Koa Lua,"1212 Avenue Union, Montreal, Quebec H3B 3C4 Canada",2019-06-02T14:32:00-04:00
76,Escondite,"1206, Union, Montreal, Quebec H3B 3C4 Canada",2023-12-08T05:51:23-05:00
77,Subway,"1100 Robert-Bourassa Blvd. Suite 90.01, Montreal, Quebec H3B 3A5 Canada",2023-07-07T21:50:24-04:00
78,Friday's,"636 Rue Cathcart, Montreal, Quebec H3B 1L9 Canada",2015-11-11T18:27:04-05:00
80,La Habanera,"1216, Union, Montreal, Quebec H3B 3C4 Canada",2020-01-23T14:58:00-05:00
81,NOMI,"1170 Pl. Du Frere Andre, Montreal, Quebec H3B 3C6 Canada",2023-01-24T11:24:14-05:00
82,Jatoba,"1184 Phillips Place, Montreal, Quebec H3B 3C8 Canada",2023-08-26T18:53:30-04:00
83,East Pan Asiatique Cuisine et bar,"1250, Boulevard Robert Bourassa Coin Cathcart, Montreal, Quebec H3B 3B8 Canada",2023-05-31T18:26:34-04:00
84,Comptoir Du Chef,"643a, Rue Cathcart, Montreal, Quebec H3B 1M5 Canada",2019-10-15T15:32:35-04:00
85,AIR Rooftop Terrace,"1250 Boulevard Robert-Bourassa Renaissance Montreal Downtown Hotel, Montreal, Quebec H3B 3B8 Canada",2023-05-30T13:37:07-04:00
86,Le Vieux Dublin,"636 Cathcart Street, Montreal, Quebec H3B 1L9 Canada",2023-08-13T04:32:59-04:00
87,Gokudo,"630 Rue Cathcart, Montreal, Quebec H3B 1L9 Canada",2022-10-27T17:23:43-04:00
88,La Prep,"1001 University Local C-10, Montreal, Quebec H3B 4L4 Canada",2018-07-05T17:05:18-04:00
89,Bofinger BBQ Smokehouse,"1250 University St., Montreal, Quebec Canada",2019-05-05T05:36:19-04:00
90,Keating Channel Pub and Grill,"2 Villiers St, Toronto, Ontario M5A 1B1 Canada",2023-09-25T00:20:35-04:00
91,Sukhothai,"490 Front St E, Toronto, Ontario M5A 0J1 Canada",2023-06-12T20:29:25-04:00
92,The Aviary,"484A Front St E, Toronto, Ontario M5A 0J1 Canada",2022-08-14T07:22:13-04:00
94,District 28,"28 Logan Ave, Toronto, Ontario M4M 2M8 Canada",2018-02-05T08:21:55-05:00
95,Cherry Street Bar-B-Que,"275 Cherry St, Toronto, Ontario M5A 3L3 Canada",2023-09-03T08:19:17-04:00
96,Vivo Pizza + Pasta,"460 Front St E, Toronto, Ontario M5A 0E6 Canada",2021-11-28T08:48:13-05:00
99,Animal Liberation Kitchen,"100 Broadview Ave #202, Toronto, Ontario M4M 3H3 Canada",2021-12-30T11:30:05-05:00
102,Nomads Restobar,"701 Queen St E, Toronto, Ontario M4M 1G6 Canada",2020-01-23T03:32:18-05:00
103,Jasper Dandy,"725 Queen St E, Toronto, Ontario M4M 1H1 Canada",2020-01-12T08:32:07-05:00
106,Cluny Bistro,"35 Tank House Lane, Toronto, Ontario M5A 3C4 Canada",2023-11-24T05:59:17-05:00
108,Subway Sandwich,"727 Queen St E, Toronto, Ontario M4M 1H1 Canada",2023-11-28T14:01:08-05:00
110,Good Karma,"689 Queen St E, Toronto, Ontario M4M 1G6 Canada",2021-07-18T08:22:23-04:00
111,Est Restaurant,"729 Queen St E, Toronto, Ontario M4M 1H1 Canada",2023-10-22T08:26:53-04:00
112,Slayer Burger Inc,"739 Queen Street East, Toronto, Ontario M4M 1H4 Canada",2023-05-20T19:45:54-04:00
114,Opera House Grill,"737 Queen St E, Toronto, Ontario M4M 1H1 Canada",2023-05-20T11:03:41-04:00
115,Brickworks Ciderhouse,"709 Queen St E, Toronto, Ontario M4M 1H1 Canada",2022-12-30T05:18:13-05:00
116,Lan Restaurant,"755 Queen St E, Toronto, Ontario M4M 1H3 Canada",2019-09-15T05:34:09-04:00
117,Il Ponte,"625 Queen St E, Toronto, Ontario M4M 1G7 Canada",2023-07-09T09:27:15-04:00
120,Galaxie Brasserie,"1414 Rue Clark, Montreal, Quebec H2X 1Z7 Canada",2023-09-15T07:09:52-04:00
122,Vargas Steakhouse & Sushi,"690 Rene Levesque W, Montreal, Quebec H3B 1X8 Canada",2023-11-10T10:59:56-05:00
126,Subway Place Ville Marie,"1 Ville Marie Pl, Montreal, Quebec Canada",2019-03-20T16:15:52-04:00
127,A&W Restaurant,"1 Pl Ville Marie # 11441, Montreal, Quebec H3B 3Y1 Canada",2022-11-05T21:23:17-04:00
128,Les Enfants Terribles,"1 Place Ville Marie 44e Étage, Montreal, Quebec H3B 4S6 Canada",2023-12-02T09:27:49-05:00
129,Moretti Downtown,"1207 Bd Robert-Bourassa, Montreal, Quebec H3B 3A7 Canada",2023-10-06T19:28:19-04:00
130,Kinton Ramen Union,"1202 Union Ave, Montreal, Quebec H3B 0E5 Canada",2023-01-25T15:33:27-05:00
131,Tim Hortons,"605 Boul Rene Levesque, Montreal, Quebec H3B 1P5 Canada",2023-06-23T20:05:59-04:00
133,Deli Planet Resto Bar,"895 rue de la Gauchetiere, Montreal, Quebec H2L 2N3 Canada",2023-06-16T06:44:41-04:00
134,Rose Orange Terrace,"1 Place Ville Marie Level 44, Montreal, Quebec H3B 5G9 Canada",2023-08-12T04:34:38-04:00
135,Koa Lua,"1212 Avenue Union, Montreal, Quebec H3B 3C4 Canada",2019-06-02T14:32:00-04:00
136,Escondite,"1206, Union, Montreal, Quebec H3B 3C4 Canada",2023-12-08T05:51:23-05:00
137,Subway,"1100 Robert-Bourassa Blvd. Suite 90.01, Montreal, Quebec H3B 3A5 Canada",2023-07-07T21:50:24-04:00
138,Friday's,"636 Rue Cathcart, Montreal, Quebec H3B 1L9 Canada",2015-11-11T18:27:04-05:00
140,La Habanera,"1216, Union, Montreal, Quebec H3B 3C4 Canada",2020-01-23T14:58:00-05:00
141,NOMI,"1170 Pl. Du Frere Andre, Montreal, Quebec H3B 3C6 Canada",2023-01-24T11:24:14-05:00
142,Jatoba,"1184 Phillips Place, Montreal, Quebec H3B 3C8 Canada",2023-08-26T18:53:30-04:00
143,East Pan Asiatique Cuisine et bar,"1250, Boulevard Robert Bourassa Coin Cathcart, Montreal, Quebec H3B 3B8 Canada",2023-05-31T18:26:34-04:00
144,Comptoir Du Chef,"643a, Rue Cathcart, Montreal, Quebec H3B 1M5 Canada",2019-10-15T15:32:35-04:00
145,AIR Rooftop Terrace,"1250 Boulevard Robert-Bourassa Renaissance Montreal Downtown Hotel, Montreal, Quebec H3B 3B8 Canada",2023-05-30T13:37:07-04:00
146,Le Vieux Dublin,"636 Cathcart Street, Montreal, Quebec H3B 1L9 Canada",2023-08-13T04:32:59-04:00
147,Gokudo,"630 Rue Cathcart, Montreal, Quebec H3B 1L9 Canada",2022-10-27T17:23:43-04:00
148,La Prep,"1001 University Local C-10, Montreal, Quebec H3B 4L4 Canada",2018-07-05T17:05:18-04:00
149,Bofinger BBQ Smokehouse,"1250 University St., Montreal, Quebec Canada",2019-05-05T05:36:19-04:00
150,Second Cup Coffee Co.,"240 401-9th Avenue SW, Calgary, Alberta T2P 3C5 Canada",2019-08-01T05:21:01-04:00
151,Oriental Phoenix Restaurant,"401 9 Ave SW # 105, Calgary, Alberta T2P 3C5 Canada",2020-02-29T16:12:00-05:00
152,Luca,"524 10 Ave SW, Calgary, Alberta T2R 0A7 Canada",2023-11-06T19:50:09-05:00
154,Barcelona Tavern,"501 8 Ave SW, Calgary, Alberta T2P 1G1 Canada",2023-08-13T14:47:01-04:00
155,Cucina,"515 8 Ave SW, Calgary, Alberta T2P 1G1 Canada",2023-05-15T11:04:02-04:00
156,Pampa Brazilian Steakhouse,"521 10 Ave SW, Calgary, Alberta T2R 0A8 Canada",2023-10-31T07:39:10-04:00
157,EAT,"525 8 Ave SW Eighth Avenue Place, 210, Calgary, Alberta T2P 1G1 Canada",2019-08-15T15:21:54-04:00
159,Hy's Steakhouse & Cocktail Bar,"8th Avenue & 3rd Street, Calgary, Alberta T2P 4K8 Canada",2023-12-08T17:43:57-05:00
160,Rodney's Oyster House,"355 10 Ave SW, Calgary, Alberta T2R 0A5 Canada",2023-11-29T15:14:07-05:00
161,Cactus Club Cafe Stephen Ave,"178 - 317 7th Avenue Southwest, Calgary, Alberta T2P 2Y9 Canada",2023-10-27T16:51:21-04:00
162,Rice for King Deerfoot Meadows,"8180 11 St SE No. 848, Calgary, Alberta T2H 3B5 Canada",2022-11-11T10:51:46-05:00
164,Thai Sa-On Restaurant,"351 10 Ave SW, Calgary, Alberta T2R 0A5 Canada",2022-09-24T13:09:23-04:00
165,Froshberg Gelato,"520 3 Ave SW Core Shopping Centre, Calgary, Alberta T2P 0R3 Canada",2020-08-11T11:51:17-04:00
166,Olly Fresco,"250-530 8th Avenue South West Watermark, Calgary, Alberta T2P 3S8 Canada",2023-10-14T14:38:53-04:00
167,Double Zero,"6455 Macleod Trail SW #1133, Calgary, Alberta T2H 0K8 Canada",2019-12-22T05:55:47-05:00
170,New York Fries TD Core,"751 - 3rd Street S.W., Calgary, Alberta T2P 4A9 Canada",2022-06-11T15:11:52-04:00
171,Manchu Wok,"751 - 3rd Street S.W. #416, Calgary, Alberta T2P 4K8 Canada",2023-05-27T11:05:46-04:00
173,Thai Express Restaurant Calgary,"751 3rd St SW The Core Shopping Centre, Calgary, Alberta T2P 4K8 Canada",2020-03-14T08:45:18-04:00
174,Villa Madina,"751 3 St SW The CORE Calgary Eaton Centre, #F9, Calgary, Alberta T2P 4K8 Canada",2019-08-01T15:28:24-04:00
176,CRAFT Beer Market- Downtown Calgary,"345 10 Ave SW, Calgary, Alberta T2R 0A5 Canada",2023-07-28T16:29:42-04:00
178,Tim Hortons,"2525 Woodview Dr SW In Woodbine Square, Calgary, Alberta T2P 3C5 Canada",2020-10-29T16:44:12-04:00
179,Kfc,"751 3 St SW Unit 427, Calgary, Alberta T2P 4K8 Canada",2017-09-07T10:36:17-04:00
